{
  "length": 100.240544,
  "sampleLength": 100.240544,
  "samples": "1"
}