{
  "length": 7472.262667,
  "sampleLength": 7472.262667,
  "samples": "1"
}