{
  "length": 191.657506,
  "sampleLength": 191.657506,
  "samples": "1"
}