{
  "length": 262.408707,
  "sampleLength": 262.408707,
  "samples": "1"
}