{
  "length": 296.77424,
  "sampleLength": 296.77424,
  "samples": "1"
}