{
  "length": 259.715193,
  "sampleLength": 259.715193,
  "samples": "1"
}